{
  "model_name": "Basic Economy Car",
  "family": "Gamma",
  "link": "log",
  "rebase_factor": 0.998279876730118,
  "formula": "dep_factor ~ ODOMETER + geo_pop_density_ntile + CALC_VEH_AGE + STATE_AR + STATE_AZ + STATE_CA + STATE_CT + STATE_FL + STATE_IL + STATE_LA + STATE_MA + STATE_MI + STATE_MN + STATE_MO + STATE_MS + STATE_MT + STATE_NC + STATE_ND + STATE_NH + STATE_NJ + STATE_NM + STATE_NV + STATE_NY + STATE_OH + STATE_OR + STATE_PA + STATE_SC + STATE_TN + STATE_TX + STATE_UT + STATE_VA + STATE_VT + STATE_WA + MAKE_BUICK + MAKE_CHEVROLET + MAKE_CHRYSLER + MAKE_DAEWOO + MAKE_DODGE + MAKE_FORD + MAKE_HONDA + MAKE_HYUNDAI + MAKE_KIA + MAKE_LAMBORGHINI + MAKE_MAZDA + MAKE_MERCURY + MAKE_MITSUBISHI + MAKE_NISSAN + MAKE_PLYMOUTH + MAKE_PONTIAC + MAKE_SCION + MAKE_SUBARU + MAKE_TOYOTA + MAKE_VOLKSWAGEN",
  "intercept": 0.06861450089860781,
  "coefficients": {
    "STATE_AR[T.True]": 0.04393951563702034,
    "STATE_AZ[T.True]": 0.027050175169098915,
    "STATE_CA[T.True]": 0.009768768504864507,
    "STATE_CT[T.True]": -0.04180252631618009,
    "STATE_FL[T.True]": -0.037716810408397874,
    "STATE_IL[T.True]": -0.02765533589294146,
    "STATE_LA[T.True]": 0.022327649785391,
    "STATE_MA[T.True]": -0.0366153685386182,
    "STATE_MI[T.True]": -0.05390022275138477,
    "STATE_MN[T.True]": -0.03990380798755682,
    "STATE_MO[T.True]": 0.023792299049810745,
    "STATE_MS[T.True]": 0.04296038855975001,
    "STATE_MT[T.True]": -0.043657610967314846,
    "STATE_NC[T.True]": 0.009257621750559445,
    "STATE_ND[T.True]": -0.059331128681279405,
    "STATE_NH[T.True]": -0.032895123290694654,
    "STATE_NJ[T.True]": -0.0439482190026588,
    "STATE_NM[T.True]": 0.05570995124875122,
    "STATE_NV[T.True]": 0.02943947258913417,
    "STATE_NY[T.True]": -0.04406306126978195,
    "STATE_OH[T.True]": -0.03553110073088769,
    "STATE_OR[T.True]": 0.0133078147972658,
    "STATE_PA[T.True]": -0.02056035448054022,
    "STATE_SC[T.True]": 0.014141840211146471,
    "STATE_TN[T.True]": 0.020122429203133077,
    "STATE_TX[T.True]": 0.012258483022524988,
    "STATE_UT[T.True]": -0.020073323351064945,
    "STATE_VA[T.True]": -0.014760136841195155,
    "STATE_VT[T.True]": -0.05026547523488739,
    "STATE_WA[T.True]": 0.013800996111002063,
    "MAKE_BUICK[T.True]": -0.07260326077564533,
    "MAKE_CHEVROLET[T.True]": 0.0160784694364637,
    "MAKE_CHRYSLER[T.True]": -0.35643655660484175,
    "MAKE_DAEWOO[T.True]": -0.34458879314899027,
    "MAKE_DODGE[T.True]": 0.05759490352791195,
    "MAKE_FORD[T.True]": 0.015105100305595821,
    "MAKE_HONDA[T.True]": 0.19126358644496785,
    "MAKE_HYUNDAI[T.True]": 0.11812522055375513,
    "MAKE_KIA[T.True]": 0.1089677823066372,
    "MAKE_LAMBORGHINI[T.True]": 0.27565868302974933,
    "MAKE_MAZDA[T.True]": 0.11298617283088028,
    "MAKE_MERCURY[T.True]": -0.3875280878871473,
    "MAKE_MITSUBISHI[T.True]": 0.12615515867275395,
    "MAKE_NISSAN[T.True]": 0.05529921961906224,
    "MAKE_PLYMOUTH[T.True]": -0.16740318930101122,
    "MAKE_PONTIAC[T.True]": 0.08078909651069668,
    "MAKE_SCION[T.True]": 0.12384624260090561,
    "MAKE_SUBARU[T.True]": 0.21204070290336485,
    "MAKE_TOYOTA[T.True]": 0.18976830139897494,
    "MAKE_VOLKSWAGEN[T.True]": 0.025633402213422148,
    "ODOMETER": -5.555551987647597e-06,
    "geo_pop_density_ntile": -0.0003892743890656585,
    "CALC_VEH_AGE": -0.02323270087003271
  },
  "n_obs": 1500000,
  "deviance": 124187.45629558168,
  "aic": -835035.9420356915,
  "export_date": "2026-05-29 09:52:39"
}