{
  "rmse": 1537.981713,
  "mae": 56.631668,
  "r2": 0.73808,
  "training_time_sec": 318.7,
  "n_train": 9503,
  "n_test": 1907,
  "n_features": 15412
}