experiment,rmse,mae,r2,training_time_sec,n_train,n_test,n_features
type3_actuarial,1318.913473,49.683784,0.807381,21.1,9503,1907,528
type1_ordinal,1400.832119,50.332336,0.78271,321.7,9503,1907,15412
type2_binary,1537.981713,56.631668,0.73808,318.7,9503,1907,15412
